Unique_ID,Similarity_score
0,0.314564288
1,0.366670787
2,0.282509804
3,0.383151531
4,0.207983732
5,0.35331589
6,0.30520159
7,0.288039446
8,0.377142847
9,0.354865015
10,0.364680588
11,0.322922051
12,0.234438181
13,0.271586001
14,0.369559467
15,0.401585758
16,0.195484817
17,0.126866758
18,0.271044433
19,0.329518616
20,0.324931979
21,0.354741454
22,0.39803201
23,0.490261614
24,0.241639018
25,0.297092438
26,0.371961355
27,0.330970705
28,0.365453839
29,0.348127782
30,0.303650081
31,0.318687499
32,0.249570072
33,0.401862144
34,0.331841886
35,0.250361979
36,0.24149096
37,0.199044168
38,0.280987501
39,0.334248245
40,0.265241563
41,0.299037039
42,0.324079335
43,0.362244129
44,0.348281324
45,0.459138691
46,0.142635107
47,0.316814184
48,0.326567531
49,0.440567911
50,0.280233204
51,0.303573489
52,0.348555326
53,0.242000461
54,0.389950871
55,0.230127931
56,0.28672874
57,0.252219915
58,0.371462166
59,0.442318976
60,0.404459953
61,0.376733899
62,0.427687049
63,0.315408409
64,0.154450953
65,0.344747901
66,0.395483196
67,0.265912473
68,0.359609306
69,0.42718339
70,0.258964896
71,0.438148677
72,0.267984927
73,0.192056239
74,0.322734177
75,0.45579493
76,0.159537911
77,0.374616861
78,0.297570229
79,0.165831864
80,0.240944922
81,0.508642823
82,0.380723715
83,0.094693482
84,0.323254943
85,0.358852983
86,0.303599417
87,0.34672159
88,0.342278719
89,0.275703907
90,0.31289345
91,0.3070786
92,0.269274294
93,0.289245725
94,0.383406222
95,0.378480673
96,0.346368134
97,0.317028761
98,0.140347123
99,0.343644023
100,0.329056263
101,0.328944743
102,0.307479382
103,0.157779634
104,0.358602524
105,0.352673233
106,0.301243365
107,0.264012635
108,0.340537965
109,0.429321945
110,0.487410426
111,0.363405764
112,0.228870809
113,0.41983664
114,0.130967617
115,0.342199504
116,0.465618193
117,0.286327124
118,0.247971475
119,0.365118206
120,0.337870657
121,0.140199542
122,0.293795645
123,0.439396799
124,0.28368628
125,0.229414999
126,0.197937489
127,0.245169044
128,0.329177916
129,0.334780157
130,0.367126644
131,0.357725859
132,0.238782406
133,0.244326115
134,0.321514547
135,0.123761237
136,0.33778584
137,0.313158393
138,0.303326607
139,0.184293211
140,0.269443095
141,0.409550011
142,0.323133409
143,0.337877214
144,0.282880127
145,0.41245693
146,0.27948302
147,0.275415182
148,0.266783774
149,0.382006884
150,0.192405701
151,0.295201123
152,0.098883688
153,0.321655273
154,0.344708383
155,0.368392289
156,0.345267892
157,0.351820588
158,0.34559983
159,0.320041716
160,0.291734755
161,0.145439744
162,0.30480665
163,0.425166905
164,0.289675951
165,0.301460683
166,0.326390505
167,0.339441061
168,0.278482258
169,0.190661252
170,0.312440693
171,0.553022206
172,0.428657293
173,0.238398373
174,0.351513207
175,0.265417218
176,0.248514712
177,0.224902987
178,0.238512278
179,0.191642642
180,0.192676187
181,0.391842842
182,0.346018255
183,0.361110449
184,0.17232269
185,0.370876074
186,0.387530744
187,0.176265657
188,0.431608021
189,0.29372716
190,0.356908202
191,0.361546159
192,0.236087322
193,0.377965868
194,0.411138594
195,0.297622144
196,0.341794372
197,0.315532267
198,0.351047993
199,0.249449193
200,0.377298117
201,0.376771033
202,0.434103906
203,0.391182899
204,0.371273279
205,0.483381093
206,0.249373555
207,0.193557739
208,0.437532663
209,0.374926746
210,0.343000293
211,0.493862092
212,0.253339887
213,0.217812181
214,0.314245462
215,0.36604327
216,0.3743698
217,0.324318647
218,0.291317642
219,0.399499238
220,0.322633922
221,0.155111849
222,0.46600759
223,0.404191673
224,0.388178647
225,0.222487807
226,0.073728681
227,0.19546634
228,0.222980917
229,0.354124248
230,0.248977542
231,0.289475262
232,0.397563636
233,0.48121506
234,0.294314742
235,0.343527853
236,0.321588635
237,0.321924269
238,0.476858914
239,0.316730917
240,0.252607167
241,0.270338655
242,0.292810738
243,0.299501956
244,0.294540346
245,0.33629328
246,0.367147505
247,0.214423776
248,0.355731308
249,0.239912093
250,0.363603473
251,0.061191559
252,0.381943583
253,0.261032403
254,0.298538268
255,0.381403565
256,0.352306545
257,0.431592822
258,0.278351307
259,0.323082685
260,0.244606435
261,0.452917755
262,0.352651834
263,0.239001215
264,0.323108256
265,0.268882453
266,0.234030426
267,0.214447737
268,0.235991538
269,0.342303276
270,0.354433119
271,0.3235268
272,0.291361451
273,0.349034727
274,0.241626084
275,0.242893338
276,0.397207379
277,0.273846626
278,0.390531003
279,0.399762332
280,0.331136346
281,0.277488232
282,0.518868744
283,0.341712415
284,0.410944045
285,0.613927126
286,0.42343992
287,0.323777139
288,0.354955316
289,0.175370038
290,0.252964199
291,0.281856358
292,0.240332067
293,0.456753969
294,0.273305655
295,0.122375727
296,0.30589658
297,0.372620404
298,0.255604982
299,0.287175298
300,0.277776897
301,0.169030249
302,0.242937267
303,0.325170696
304,0.350545049
305,0.458007574
306,0.321766257
307,0.235444784
308,0.207571864
309,0.173466623
310,0.316573858
311,0.300061882
312,0.244112134
313,0.424587548
314,0.337085843
315,0.124216378
316,0.403938532
317,0.188299417
318,0.313140213
319,0.340198636
320,0.318929255
321,0.413072526
322,0.219398379
323,0.355827272
324,0.316302776
325,0.288790166
326,0.361557782
327,0.360891521
328,0.372639418
329,0.363004386
330,0.219327748
331,0.360691667
332,0.368882835
333,0.318972707
334,0.347514987
335,0.370690048
336,0.251033247
337,0.289298415
338,0.275847018
339,0.393987536
340,0.468503177
341,0.354527771
342,0.300438166
343,0.262906253
344,0.35752511
345,0.431315064
346,0.431393087
347,0.336311519
348,0.341035426
349,0.413382769
350,0.331197381
351,0.298569083
352,0.22288692
353,0.466363847
354,0.393448055
355,0.224861205
356,0.336796701
357,0.325832307
358,0.407886982
359,0.426502764
360,0.314154208
361,0.148737192
362,0.331574261
363,0.178332329
364,0.201306224
365,0.134145796
366,0.319841146
367,0.453349829
368,0.296860456
369,0.435943007
370,0.182529509
371,0.501871943
372,0.27530849
373,0.181537032
374,0.290394962
375,0.264241993
376,0.442932785
377,0.31230855
378,0.435005665
379,0.332749307
380,0.334828973
381,0.283929229
382,0.34637928
383,0.418173552
384,0.206169546
385,0.383327901
386,0.291126609
387,0.207298338
388,0.206628323
389,0.517098039
390,0.303260684
391,0.473476231
392,0.348533332
393,0.184995353
394,0.503601909
395,0.4586097
396,0.174116135
397,0.405636907
398,0.173581541
399,0.380286992
400,0.413885057
401,0.320577264
402,0.383146286
403,0.275566161
404,0.196469188
405,0.249726713
406,0.394569635
407,0.338028371
408,0.34784013
409,0.20936352
410,0.461656213
411,0.281121612
412,0.308528841
413,0.31864816
414,0.282299519
415,0.458920717
416,0.358444333
417,0.20950985
418,0.240585923
419,0.423767984
420,0.385521173
421,0.458930016
422,0.174671948
423,0.295664191
424,0.138319254
425,0.362800002
426,0.328869283
427,0.376766384
428,0.461275995
429,0.352588654
430,0.176408291
431,0.386703968
432,0.339512825
433,0.185632348
434,0.411003828
435,0.166501701
436,0.318131268
437,0.438349664
438,0.13977468
439,0.265676618
440,0.271790445
441,0.249729037
442,0.360461473
443,0.337653816
444,0.30993098
445,0.337345362
446,0.212870538
447,0.399308443
448,0.287248731
449,0.341449142
450,0.232517421
451,0.215207636
452,0.386824071
453,0.306876659
454,0.400168836
455,0.251185775
456,0.182659268
457,0.458345532
458,0.278016746
459,0.390031636
460,0.276069701
461,0.298549175
462,0.231670082
463,0.323289156
464,0.135969281
465,0.355296552
466,0.187286496
467,0.2802881
468,0.415760458
469,0.234652579
470,0.253060043
471,0.229295731
472,0.15853554
473,0.46365273
474,0.428692162
475,0.221076369
476,0.330497563
477,0.274266779
478,0.400588393
479,0.336908102
480,0.348979056
481,0.259340048
482,0.315367401
483,0.32383877
484,0.257330775
485,0.32732594
486,0.205292344
487,0.183941662
488,0.368881106
489,0.298307419
490,0.330903947
491,0.181080401
492,0.219828844
493,0.220631897
494,0.264694154
495,0.499127626
496,0.240270197
497,0.226240754
498,0.138290644
499,0.344400525
500,0.397264481
501,0.364692211
502,0.242192268
503,0.379692793
504,0.358584344
505,0.490367532
506,0.27808392
507,0.202463865
508,0.368863285
509,0.245458543
510,0.218493283
511,0.247341931
512,0.3476789
513,0.3781991
514,0.261097908
515,0.273700833
516,0.35035944
517,0.190855443
518,0.319917858
519,0.390013695
520,0.215899646
521,0.166128457
522,0.25876385
523,0.482676208
524,0.407489538
525,0.254094124
526,0.272806585
527,0.41877991
528,0.400106907
529,0.308241487
530,0.176506042
531,0.454844892
532,0.354361653
533,0.261084914
534,0.397978246
535,0.313364923
536,0.42896378
537,0.34066689
538,0.314829707
539,0.303483784
540,0.280064046
541,0.298572183
542,0.391064227
543,0.25353229
544,0.420800388
545,0.205377817
546,0.143117845
547,0.277148128
548,0.302631557
549,0.182023108
550,0.292963386
551,0.426777124
552,0.369084775
553,0.272969604
554,0.40692848
555,0.217313349
556,0.338816047
557,0.199818134
558,0.250987589
559,0.2062549
560,0.393459857
561,0.24956882
562,0.224848032
563,0.407547355
564,0.304257393
565,0.203852952
566,0.27627784
567,0.230044365
568,0.564531982
569,0.355279386
570,0.407147288
571,0.412414074
572,0.351929188
573,0.241733909
574,0.303263009
575,0.39391166
576,0.266281962
577,0.319632113
578,0.335518122
579,0.271942556
580,0.369312644
581,0.37255156
582,0.363407075
583,0.128939211
584,0.21516186
585,0.25362134
586,0.290510654
587,0.263998032
588,0.242891014
589,0.170588493
590,0.271187723
591,0.160178006
592,0.265230715
593,0.388243079
594,0.345301747
595,0.349158406
596,0.168211758
597,0.199577212
598,0.352409959
599,0.447391748
600,0.270164967
601,0.122052789
602,0.242085397
603,0.379943371
604,0.185900509
605,0.414065778
606,0.226143062
607,0.279054701
608,0.261475325
609,0.17702508
610,0.365335941
611,0.417207778
612,0.269133985
613,0.351689756
614,0.364096761
615,0.255791962
616,0.207995713
617,0.333158374
618,0.360563219
619,0.356318057
620,0.412450016
621,0.508034974
622,0.313050926
623,0.366270602
624,0.347586274
625,0.198497653
626,0.15437752
627,0.354361653
628,0.211813927
629,0.425227106
630,0.388608277
631,0.188738763
632,0.376609743
633,0.342132032
634,0.38992101
635,0.305591524
636,0.216046989
637,0.365543187
638,0.131740212
639,0.350613475
640,0.325440526
641,0.277990818
642,0.372930825
643,0.306074381
644,0.268899083
645,0.365804493
646,0.337357044
647,0.402423561
648,0.371774018
649,0.40242523
650,0.194230974
651,0.247381091
652,0.163467824
653,0.236321032
654,0.38873595
655,0.352525055
656,0.311181784
657,0.333382845
658,0.34219569
659,0.428476095
660,0.102138817
661,0.321132541
662,0.432913959
663,0.340200365
664,0.419615746
665,0.315278471
666,0.209246099
667,0.123192489
668,0.347967029
669,0.403158784
670,0.100725949
671,0.280346096
672,0.293658137
673,0.338116765
674,0.164874256
675,0.241479993
676,0.350282073
677,0.269385099
678,0.402168512
679,0.386529386
680,0.293210685
681,0.241333485
682,0.234172821
683,0.22953105
684,0.341145873
685,0.299525261
686,0.380247176
687,0.329628468
688,0.488370061
689,0.397191525
690,0.245076358
691,0.428695679
692,0.41459924
693,0.205133617
694,0.232390881
695,0.329629064
696,0.367754638
697,0.373263896
698,0.287687123
699,0.240399063
700,0.290299714
701,0.323834002
702,0.28229326
703,0.191012979
704,0.294807553
705,0.298991323
706,0.15372926
707,0.331459343
708,0.352461457
709,0.210102022
710,0.301451027
711,0.407335699
712,0.436068535
713,0.433007598
714,0.367581725
715,0.237365842
716,0.292800963
717,0.294667363
718,0.438506663
719,0.311774075
720,0.210166335
721,0.309622049
722,0.178474128
723,0.448756635
724,0.333588898
725,0.185675383
726,0.272982955
727,0.381445646
728,0.300711215
729,0.331802368
730,0.299354017
731,0.255443156
732,0.232560456
733,0.269611537
734,0.381658494
735,0.422235191
736,0.352586031
737,0.44736445
738,0.284455359
739,0.274022818
740,0.352664888
741,0.302775681
742,0.333554149
743,0.33395952
744,0.218844235
745,0.166180551
746,0.470787466
747,0.215471089
748,0.45709914
749,0.211346805
750,0.265429676
751,0.576673627
752,0.22951144
753,0.359205484
754,0.19138509
755,0.322505414
756,0.23691994
757,0.130625308
758,0.442064166
759,0.25026679
760,0.235114932
761,0.280941248
762,0.541934907
763,0.299782097
764,0.270786285
765,0.255457461
766,0.364863217
767,0.22794795
768,0.310969889
769,0.204152703
770,0.400974452
771,0.330299616
772,0.331080556
773,0.414721608
774,0.199269354
775,0.20522213
776,0.252267003
777,0.226313591
778,0.167023838
779,0.37321645
780,0.291428924
781,0.259098887
782,0.412491024
783,0.21979928
784,0.121217191
785,0.302512527
786,0.43768692
787,0.325933635
788,0.405642509
789,0.224187553
790,0.506547272
791,0.318546176
792,0.449797094
793,0.23423785
794,0.363614857
795,0.288130522
796,0.361419559
797,0.354652166
798,0.376590431
799,0.438209236
800,0.238848865
801,0.265386999
802,0.222357094
803,0.348694205
804,0.176401794
805,0.272000015
806,0.305268824
807,0.187304497
808,0.357261598
809,0.415160537
810,0.318242669
811,0.155807137
812,0.382990718
813,0.121082246
814,0.257385552
815,0.22401017
816,0.261268258
817,0.10939467
818,0.331742048
819,0.337405741
820,0.417478025
821,0.200233221
822,0.413329363
823,0.391903937
824,0.241743684
825,0.334499478
826,0.284000993
827,0.234619558
828,0.359322608
829,0.383547008
830,0.095405102
831,0.292495191
832,0.260910213
833,0.341904521
834,0.443406105
835,0.353999376
836,0.208982587
837,0.115526199
838,0.333475828
839,0.312832713
840,0.289883614
841,0.270655334
842,0.346772611
843,0.297894895
844,0.258501828
845,0.364134371
846,0.333465278
847,0.252983391
848,0.29806143
849,0.089270115
850,0.368393779
851,0.415417194
852,0.430693984
853,0.207043529
854,0.369105697
855,0.29505986
856,0.271616817
857,0.342218459
858,0.391225815
859,0.26714921
860,0.392246306
861,0.320450783
862,0.272140563
863,0.285913825
864,0.417034566
865,0.255592942
866,0.213066339
867,0.373062432
868,0.148822665
869,0.273764193
870,0.481625438
871,0.41281873
872,0.411899149
873,0.288138688
874,0.28607583
875,0.319830179
876,0.38372004
877,0.355496943
878,0.277173877
879,0.364029646
880,0.382528603
881,0.272753358
882,0.372610569
883,0.304160714
884,0.37340486
885,0.392195284
886,0.36202389
887,0.397723854
888,0.423428357
889,0.223166406
890,0.192321777
891,0.351968586
892,0.318498671
893,0.337803662
894,0.335083365
895,0.19199276
896,0.327009737
897,0.335521281
898,0.351220369
899,0.201320589
900,0.390626669
901,0.242222726
902,0.307060719
903,0.357585847
904,0.182348907
905,0.269659221
906,0.337370098
907,0.287670672
908,0.282211781
909,0.274477124
910,0.400222063
911,0.40278542
912,0.258035362
913,0.164820373
914,0.230220139
915,0.447158992
916,0.2370345
917,0.398060858
918,0.335435092
919,0.434960186
920,0.24262464
921,0.438627779
922,0.311610818
923,0.322595537
924,0.277386546
925,0.381679952
926,0.275505304
927,0.276211023
928,0.349531949
929,0.247739196
930,0.28296876
931,0.26001662
932,0.316651344
933,0.159224749
934,0.311131537
935,0.437446892
936,0.445495784
937,0.217725456
938,0.336771488
939,0.222929955
940,0.373954356
941,0.213382065
942,0.391291618
943,0.318428516
944,0.397339642
945,0.383672655
946,0.314693868
947,0.388260841
948,0.464711666
949,0.238294542
950,0.357888103
951,0.330134392
952,0.296455145
953,0.364082277
954,0.321683466
955,0.286934316
956,0.187476397
957,0.420570433
958,0.436833799
959,0.217958927
960,0.272285283
961,0.260137737
962,0.262465417
963,0.288694084
964,0.348009169
965,0.357961595
966,0.124269128
967,0.519880801
968,0.357424796
969,0.210661769
970,0.439721823
971,0.502739817
972,0.437773645
973,0.399272382
974,0.114228368
975,0.30854696
976,0.161586642
977,0.392858326
978,0.402211666
979,0.266757131
980,0.419906735
981,0.413000166
982,0.197339296
983,0.110470474
984,0.256633222
985,0.3358742
986,0.198747873
987,0.352492273
988,0.23565644
989,0.262416005
990,0.278798699
991,0.18417877
992,0.394807398
993,0.36480552
994,0.260760844
995,0.352576375
996,0.178848743
997,0.355517209
998,0.337489724
999,0.429160118
1000,0.089592993
1001,0.257461846
1002,0.512785763
1003,0.484252214
1004,0.360897541
1005,0.286745548
1006,0.264504015
1007,0.113516748
1008,0.40587455
1009,0.269534469
1010,0.213506699
1011,0.218202353
1012,0.392516553
1013,0.313112497
1014,0.471950948
1015,0.343301475
1016,0.320230842
1017,0.353671968
1018,0.359129906
1019,0.355845273
1020,0.298135757
1021,0.377926707
1022,0.305521429
1023,0.100358784
1024,0.262782156
1025,0.425957441
1026,0.314711034
1027,0.342887938
1028,0.433643997
1029,0.217781544
1030,0.23934716
1031,0.2856341
1032,0.37688309
1033,0.372324526
1034,0.433270633
1035,0.381035089
1036,0.383935809
1037,0.347017884
1038,0.406338692
1039,0.331969917
1040,0.409126461
1041,0.281165123
1042,0.354679942
1043,0.324026406
1044,0.299740672
1045,0.171590626
1046,0.249678671
1047,0.23010838
1048,0.21358943
1049,0.325740457
1050,0.35441047
1051,0.347443044
1052,0.46643734
1053,0.473975122
1054,0.389446318
1055,0.220823169
1056,0.321249008
1057,0.310167193
1058,0.248973012
1059,0.315707803
1060,0.381750762
1061,0.35630995
1062,0.240512431
1063,0.26504916
1064,0.203387141
1065,0.272221446
1066,0.328088641
1067,0.096856356
1068,0.275065601
1069,0.412827194
1070,0.371224463
1071,0.403974891
1072,0.268233716
1073,0.306965649
1074,0.417091787
1075,0.325915575
1076,0.276971281
1077,0.404655278
1078,0.351828337
1079,0.297269881
1080,0.31440109
1081,0.366277993
1082,0.342374563
1083,0.491358757
1084,0.326379061
1085,0.252816856
1086,0.380898595
1087,0.25890094
1088,0.235916555
1089,0.315098941
1090,0.245074272
1091,0.214704037
1092,0.309213758
1093,0.449647546
1094,0.254887521
1095,0.362288773
1096,0.325017512
1097,0.199653387
1098,0.363756597
1099,0.372302175
1100,0.243272245
1101,0.317749441
1102,0.371596456
1103,0.292826056
1104,0.228419065
1105,0.2667678
1106,0.310053706
1107,0.247555554
1108,0.348728776
1109,0.35576427
1110,0.280140221
1111,0.261901855
1112,0.340399325
1113,0.277320385
1114,0.288192391
1115,0.178826928
1116,0.385304809
1117,0.429438472
1118,0.359741569
1119,0.302634001
1120,0.374372423
1121,0.274662316
1122,0.355402231
1123,0.321321309
1124,0.267433167
1125,0.26190114
1126,0.185950875
1127,0.195187509
1128,0.346883178
1129,0.222239912
1130,0.255443513
1131,0.302800655
1132,0.292874992
1133,0.463631153
1134,0.24315387
1135,0.303488731
1136,0.100269496
1137,0.312859476
1138,0.421828449
1139,0.300774336
1140,0.25711149
1141,0.419471502
1142,0.316760063
1143,0.249630153
1144,0.221420407
1145,0.265211582
1146,0.353004098
1147,0.324198186
1148,0.524209619
1149,0.277244687
1150,0.46799767
1151,0.230675995
1152,0.401457131
1153,0.271402359
1154,0.274421692
1155,0.175384223
1156,0.306007028
1157,0.258434772
1158,0.322920263
1159,0.270875454
1160,0.277136683
1161,0.323619306
1162,0.160773516
1163,0.451062322
1164,0.327775955
1165,0.355898142
1166,0.369086802
1167,0.310566068
1168,0.351736248
1169,0.347876251
1170,0.278286934
1171,0.492499471
1172,0.300447285
1173,0.223176003
1174,0.298192024
1175,0.522916377
1176,0.394026995
1177,0.319432318
1178,0.156775773
1179,0.422202945
1180,0.364614248
1181,0.380935788
1182,0.404497802
1183,0.271175444
1184,0.349678814
1185,0.249394536
1186,0.179827332
1187,0.244560421
1188,0.317766249
1189,0.218993902
1190,0.45422256
1191,0.154917359
1192,0.212813079
1193,0.317784429
1194,0.257539272
1195,0.287278414
1196,0.249360085
1197,0.216394007
1198,0.333798945
1199,0.282326162
1200,0.224983871
1201,0.33162868
1202,0.142957389
1203,0.231379032
1204,0.425381482
1205,0.386504591
1206,0.254385591
1207,0.261657178
1208,0.371315241
1209,0.263193727
1210,0.451960266
1211,0.252333879
1212,0.485084891
1213,0.384061933
1214,0.409417391
1215,0.371775508
1216,0.245179474
1217,0.230620563
1218,0.290586412
1219,0.411744714
1220,0.395886838
1221,0.157642841
1222,0.158907533
1223,0.325083852
1224,0.381025314
1225,0.45069474
1226,0.290288091
1227,0.270163715
1228,0.276375413
1229,0.191855311
1230,0.361669123
1231,0.459300935
1232,0.445796669
1233,0.247194052
1234,0.29657793
1235,0.216621459
1236,0.182747185
1237,0.308886826
1238,0.219606102
1239,0.158989549
1240,0.36554873
1241,0.360111296
1242,0.262294888
1243,0.423855305
1244,0.377752662
1245,0.334065437
1246,0.415112317
1247,0.289070129
1248,0.32832706
1249,0.336618006
1250,0.274985492
1251,0.262039423
1252,0.25818485
1253,0.278386116
1254,0.386871636
1255,0.301216543
1256,0.39234066
1257,0.122319758
1258,0.300459206
1259,0.355850101
1260,0.250947714
1261,0.397634625
1262,0.420293212
1263,0.26107049
1264,0.311890543
1265,0.128961265
1266,0.219657779
1267,0.517895222
1268,0.243323684
1269,0.471255958
1270,0.313687325
1271,0.394569516
1272,0.379528165
1273,0.362187386
1274,0.397799015
1275,0.301013887
1276,0.420351982
1277,0.123875916
1278,0.438587606
1279,0.236286938
1280,0.422495246
1281,0.346384645
1282,0.237244248
1283,0.203112364
1284,0.27574414
1285,0.139248013
1286,0.271724284
1287,0.157347262
1288,0.423379838
1289,0.509694546
1290,0.405100822
1291,0.351952076
1292,0.364243627
1293,0.309918702
1294,0.254016042
1295,0.259536147
1296,0.274110734
1297,0.426248968
1298,0.250454962
1299,0.534504384
1300,0.133594453
1301,0.437491655
1302,0.368352294
1303,0.363033533
1304,0.358332753
1305,0.348808825
1306,0.310775042
1307,0.389803052
1308,0.286202133
1309,0.377558947
1310,0.35926497
1311,0.281992614
1312,0.396680057
1313,0.211719036
1314,0.247810185
1315,0.32561183
1316,0.210080266
1317,0.391171694
1318,0.348562062
1319,0.361260474
1320,0.496447384
1321,0.252080381
1322,0.38096118
1323,0.304673851
1324,0.359220922
1325,0.276343286
1326,0.352392316
1327,0.353878617
1328,0.335396945
1329,0.318822384
1330,0.379190624
1331,0.337869883
1332,0.291962266
1333,0.31244576
1334,0.209527373
1335,0.446716487
1336,0.150347412
1337,0.382725358
1338,0.284048319
1339,0.233322322
1340,0.373384237
1341,0.382111967
1342,0.263665378
1343,0.426174998
1344,0.300885618
1345,0.475086927
1346,0.395436943
1347,0.291657925
1348,0.188961327
1349,0.270750225
1350,0.369251192
1351,0.386359215
1352,0.478680193
1353,0.35875833
1354,0.251837075
1355,0.329630077
1356,0.320103884
1357,0.16307503
1358,0.226782918
1359,0.40883863
1360,0.410684645
1361,0.367469668
1362,0.36532414
1363,0.372174799
1364,0.282468796
1365,0.218373358
1366,0.471266806
1367,0.307513297
1368,0.248989463
1369,0.238419831
1370,0.285611451
1371,0.332651556
1372,0.282117009
1373,0.230951607
1374,0.230501354
1375,0.375010073
1376,0.272762477
1377,0.453797102
1378,0.401697695
1379,0.313808501
1380,0.341560543
1381,0.219549
1382,0.323741496
1383,0.259013116
1384,0.25744772
1385,0.232061028
1386,0.136334658
1387,0.51772809
1388,0.127637506
1389,0.272127986
1390,0.407082498
1391,0.310842931
1392,0.263258994
1393,0.310539544
1394,0.241037905
1395,0.40646261
1396,0.434842467
1397,0.371517777
1398,0.286549628
1399,0.20919621
1400,0.179737628
1401,0.364459157
1402,0.358730853
1403,0.382180512
1404,0.412612736
1405,0.408254623
1406,0.255822957
1407,0.28543061
1408,0.450514555
1409,0.380733311
1410,0.244355142
1411,0.335306168
1412,0.376638412
1413,0.180202901
1414,0.111575484
1415,0.379007101
1416,0.246907353
1417,0.399529696
1418,0.293198466
1419,0.150408387
1420,0.323031485
1421,0.292326212
1422,0.236966193
1423,0.225311399
1424,0.479294419
1425,0.309707582
1426,0.270604193
1427,0.420143604
1428,0.298762798
1429,0.386913717
1430,0.591310978
1431,0.140748322
1432,0.167243779
1433,0.314261675
1434,0.362048626
1435,0.229666412
1436,0.289778709
1437,0.319756508
1438,0.402568877
1439,0.337164819
1440,0.244254649
1441,0.317445457
1442,0.305520058
1443,0.456281841
1444,0.16127795
1445,0.612871319
1446,0.4745906
1447,0.303507447
1448,0.288123071
1449,0.283045828
1450,0.126197159
1451,0.267372549
1452,0.360065281
1453,0.203267217
1454,0.339128137
1455,0.415933311
1456,0.43080008
1457,0.188007534
1458,0.233080447
1459,0.348082721
1460,0.281878829
1461,0.38360858
1462,0.404135764
1463,0.322099566
1464,0.161827087
1465,0.3894099
1466,0.441837907
1467,0.182881474
1468,0.210604668
1469,0.320975244
1470,0.191905737
1471,0.124616325
1472,0.438885987
1473,0.272632241
1474,0.292594314
1475,0.548648447
1476,0.230365157
1477,0.290307045
1478,0.452194154
1479,0.198296726
1480,0.22943604
1481,0.335363269
1482,0.367149651
1483,0.228001237
1484,0.040940464
1485,0.143082798
1486,0.354484677
1487,0.338585913
1488,0.536746264
1489,0.321198761
1490,0.377789259
1491,0.289906561
1492,0.381515682
1493,0.362010419
1494,0.348692358
1495,0.348574221
1496,0.242931366
1497,0.414470077
1498,0.168588042
1499,0.295644641
1500,0.307818174
1501,0.297194004
1502,0.366298616
1503,0.189824939
1504,0.424629927
1505,0.283113956
1506,0.379525661
1507,0.249719679
1508,0.411171377
1509,0.42165333
1510,0.166566193
1511,0.286270797
1512,0.192951798
1513,0.152831554
1514,0.359327972
1515,0.295689762
1516,0.377187431
1517,0.381591618
1518,0.392498851
1519,0.359662473
1520,0.249234319
1521,0.243486583
1522,0.279162228
1523,0.099146843
1524,0.228120685
1525,0.372451723
1526,0.44504267
1527,0.236822367
1528,0.417843521
1529,0.311557055
1530,0.227476656
1531,0.401930749
1532,0.31400913
1533,0.245889962
1534,0.318831325
1535,0.296191454
1536,0.35217905
1537,0.200867116
1538,0.14982909
1539,0.27324152
1540,0.340681314
1541,0.298552096
1542,0.368169069
1543,0.241471767
1544,0.390804112
1545,0.407292843
1546,0.279684961
1547,0.211066365
1548,0.226760983
1549,0.288080871
1550,0.276907325
1551,0.305053473
1552,0.380325973
1553,0.251914144
1554,0.261484265
1555,0.119597554
1556,0.280056417
1557,0.396884382
1558,0.354956448
1559,0.455715775
1560,0.332703054
1561,0.251553118
1562,0.358502924
1563,0.34301579
1564,0.36821723
1565,0.302405655
1566,0.288226008
1567,0.396864831
1568,0.439439833
1569,0.475203574
1570,0.442215741
1571,0.36029911
1572,0.256902575
1573,0.245852172
1574,0.307492733
1575,0.33328265
1576,0.199353814
1577,0.218506217
1578,0.322787344
1579,0.350081921
1580,0.304675698
1581,0.51932922
1582,0.423029065
1583,0.304642737
1584,0.435939848
1585,0.370744228
1586,0.209566891
1587,0.316760719
1588,0.404534042
1589,0.308311164
1590,0.252150238
1591,0.280435264
1592,0.301265299
1593,0.356573403
1594,0.360807598
1595,0.217823803
1596,0.313076198
1597,0.1865049
1598,0.243132472
1599,0.361315608
1600,0.366372526
1601,0.450144231
1602,0.298105657
1603,0.29163456
1604,0.266158521
1605,0.287198365
1606,0.277572632
1607,0.43504554
1608,0.313930929
1609,0.362898648
1610,0.243713796
1611,0.311000764
1612,0.286037147
1613,0.418216407
1614,0.366081953
1615,0.265484691
1616,0.476533592
1617,0.362054348
1618,0.369990706
1619,0.302229643
1620,0.351109087
1621,0.508589
1622,0.226944804
1623,0.280933857
1624,0.314145625
1625,0.38337487
1626,0.331838071
1627,0.221869528
1628,0.341801524
1629,0.194292843
1630,0.228524745
1631,0.349570692
1632,0.270161569
1633,0.372094452
1634,0.240432024
1635,0.266390264
1636,0.353793859
1637,0.376882732
1638,0.372939348
1639,0.368398786
1640,0.203085721
1641,0.396453917
1642,0.310385823
1643,0.258795977
1644,0.391782641
1645,0.43401134
1646,0.224679172
1647,0.231166899
1648,0.262386203
1649,0.468366325
1650,0.441219568
1651,0.315539658
1652,0.225942612
1653,0.278840601
1654,0.214476824
1655,0.18126595
1656,0.332368672
1657,0.30485332
1658,0.272208035
1659,0.207064033
1660,0.235867798
1661,0.372698605
1662,0.237725735
1663,0.179296374
1664,0.232386827
1665,0.342368484
1666,0.281788945
1667,0.157858908
1668,0.310526848
1669,0.455129027
1670,0.19151932
1671,0.134233832
1672,0.220020533
1673,0.315401316
1674,0.309353471
1675,0.373007953
1676,0.42535907
1677,0.281232953
1678,0.217105985
1679,0.367610335
1680,0.39604938
1681,0.312618375
1682,0.261519551
1683,0.507581353
1684,0.323919892
1685,0.295421124
1686,0.363922298
1687,0.30983144
1688,0.237841547
1689,0.220494747
1690,0.33771342
1691,0.402590811
1692,0.463102221
1693,0.2443102
1694,0.281515896
1695,0.389613569
1696,0.265920877
1697,0.22837919
1698,0.366465509
1699,0.424567759
1700,0.172637105
1701,0.326168656
1702,0.402835011
1703,0.438801706
1704,0.286692619
1705,0.54503119
1706,0.310252011
1707,0.255352616
1708,0.256079078
1709,0.408407032
1710,0.183235645
1711,0.345134914
1712,0.446182013
1713,0.338134944
1714,0.469111979
1715,0.449433029
1716,0.39435643
1717,0.281104565
1718,0.307487428
1719,0.294177294
1720,0.217394948
1721,0.386500835
1722,0.248102248
1723,0.306244195
1724,0.215644658
1725,0.180928588
1726,0.243693829
1727,0.308614433
1728,0.384711504
1729,0.261973023
1730,0.327295601
1731,0.297772348
1732,0.399443805
1733,0.236070514
1734,0.376913786
1735,0.29779917
1736,0.370178282
1737,0.203990519
1738,0.391122818
1739,0.285691619
1740,0.228747308
1741,0.272101283
1742,0.251618505
1743,0.251449347
1744,0.241888583
1745,0.278325737
1746,0.35845387
1747,0.356596828
1748,0.112464011
1749,0.273299038
1750,0.339380682
1751,0.389040768
1752,0.39393127
1753,0.334160686
1754,0.310490489
1755,0.319698274
1756,0.226181805
1757,0.430796683
1758,0.183458388
1759,0.34799099
1760,0.304864168
1761,0.423393369
1762,0.431732357
1763,0.171424508
1764,0.480110228
1765,0.181799889
1766,0.385517716
1767,0.198578119
1768,0.355050623
1769,0.294347227
1770,0.425851882
1771,0.407913566
1772,0.254135966
1773,0.417408407
1774,0.341691732
1775,0.436796725
1776,0.305282056
1777,0.349826217
1778,0.288479745
1779,0.342323422
1780,0.250598192
1781,0.371334732
1782,0.380813122
1783,0.226900637
1784,0.278796673
1785,0.530763149
1786,0.323547781
1787,0.338472188
1788,0.287922025
1789,0.260143578
1790,0.18083638
1791,0.362592578
1792,0.384739578
1793,0.481613815
1794,0.407668114
1795,0.366252601
1796,0.385668814
1797,0.346206546
1798,0.245826244
1799,0.286482573
1800,0.367478609
1801,0.248512924
1802,0.251590014
1803,0.278391182
1804,0.375158787
1805,0.291198909
1806,0.3254475
1807,0.370010316
1808,0.382102072
1809,0.312332809
1810,0.198370516
1811,0.239140749
1812,0.19302088
1813,0.396665573
1814,0.286483288
1815,0.217773438
1816,0.264743805
1817,0.411117613
1818,0.291590869
1819,0.227945924
1820,0.134291053
1821,0.371446609
1822,0.388522029
1823,0.351550877
1824,0.220732808
1825,0.348649681
1826,0.364111722
1827,0.255682051
1828,0.261538208
1829,0.327855587
1830,0.316228747
1831,0.282129824
1832,0.147126675
1833,0.172932506
1834,0.156386435
1835,0.352606475
1836,0.302639484
1837,0.44065392
1838,0.354639828
1839,0.407035828
1840,0.42358619
1841,0.294821858
1842,0.224393368
1843,0.534608275
1844,0.353475213
1845,0.19537437
1846,0.278799117
1847,0.269269526
1848,0.27199465
1849,0.288609624
1850,0.226393342
1851,0.443517148
1852,0.27949369
1853,0.25197655
1854,0.437913597
1855,0.357336938
1856,0.364870071
1857,0.335909665
1858,0.292837143
1859,0.29158628
1860,0.220275402
1861,0.406969011
1862,0.325566232
1863,0.415575504
1864,0.262355208
1865,0.273875833
1866,0.376675189
1867,0.453689218
1868,0.473968387
1869,0.345270216
1870,0.35716188
1871,0.27620995
1872,0.412404954
1873,0.380565703
1874,0.293110132
1875,0.435229838
1876,0.174870729
1877,0.157976806
1878,0.192069769
1879,0.330370069
1880,0.40574342
1881,0.255143225
1882,0.125554025
1883,0.352089882
1884,0.376594245
1885,0.380204797
1886,0.178668916
1887,0.407384634
1888,0.369707286
1889,0.249919236
1890,0.207104862
1891,0.340039551
1892,0.308004141
1893,0.353810906
1894,0.440395176
1895,0.307956874
1896,0.423974574
1897,0.365720928
1898,0.280814886
1899,0.334590912
1900,0.307004154
1901,0.40800339
1902,0.274141014
1903,0.352554381
1904,0.24863863
1905,0.228110492
1906,0.104716063
1907,0.377601445
1908,0.242223382
1909,0.403274536
1910,0.228330672
1911,0.379386425
1912,0.336251378
1913,0.42254293
1914,0.256374419
1915,0.137212873
1916,0.318066716
1917,0.169884205
1918,0.182500362
1919,0.384004772
1920,0.282267392
1921,0.426136374
1922,0.360455632
1923,0.410750866
1924,0.384267509
1925,0.142584264
1926,0.406894505
1927,0.310599267
1928,0.456866443
1929,0.269107759
1930,0.259804428
1931,0.41752702
1932,0.378707409
1933,0.270693123
1934,0.334405601
1935,0.509789079
1936,0.320105135
1937,0.217007995
1938,0.289233804
1939,0.242298543
1940,0.333507538
1941,0.325481296
1942,0.307807744
1943,0.468095899
1944,0.38251394
1945,0.31667304
1946,0.292039752
1947,0.385737658
1948,0.168588042
1949,0.238546252
1950,0.297435641
1951,0.374042988
1952,0.459134698
1953,0.220434129
1954,0.276419878
1955,0.267843664
1956,0.322021365
1957,0.27296865
1958,0.33961457
1959,0.393407524
1960,0.39114362
1961,0.285325944
1962,0.258024573
1963,0.25984031
1964,0.292827785
1965,0.183969617
1966,0.362616062
1967,0.175114989
1968,0.414894462
1969,0.307801187
1970,0.415707529
1971,0.4051525
1972,0.239046931
1973,0.375633419
1974,0.279420316
1975,0.3246755
1976,0.295512497
1977,0.250742435
1978,0.471879363
1979,0.202612698
1980,0.431597948
1981,0.322728097
1982,0.270154655
1983,0.397040963
1984,0.366122425
1985,0.220166624
1986,0.326997161
1987,0.180939555
1988,0.190520942
1989,0.357785344
1990,0.384255171
1991,0.347518981
1992,0.207717896
1993,0.228019536
1994,0.317484617
1995,0.383845627
1996,0.298975229
1997,0.375985682
1998,0.373915374
1999,0.382430196
2000,0.251362622
2001,0.410060763
2002,0.592284679
2003,0.138315558
2004,0.316180825
2005,0.368106604
2006,0.291170716
2007,0.221321762
2008,0.260453522
2009,0.469402552
2010,0.207504451
2011,0.274695694
2012,0.375813246
2013,0.229724228
2014,0.252366543
2015,0.230012655
2016,0.456367671
2017,0.215549827
2018,0.264593303
2019,0.201746464
2020,0.222766399
2021,0.27762872
2022,0.346288443
2023,0.294923365
2024,0.178452432
2025,0.307689786
2026,0.358075321
2027,0.309442937
2028,0.234447777
2029,0.37371707
2030,0.3115291
2031,0.156852186
2032,0.397621751
2033,0.269846916
2034,0.12798965
2035,0.309065104
2036,0.307908058
2037,0.356158674
2038,0.391735911
2039,0.331673324
2040,0.302866697
2041,0.39410919
2042,0.343550086
2043,0.368339062
2044,0.27735579
2045,0.388057411
2046,0.461222947
2047,0.346228778
2048,0.264196336
2049,0.338673294
2050,0.157907009
2051,0.143531799
2052,0.310286045
2053,0.461060286
2054,0.332149088
2055,0.373665631
2056,0.292635918
2057,0.157029092
2058,0.125059426
2059,0.477864623
2060,0.230196059
2061,0.41615802
2062,0.163774371
2063,0.264211774
2064,0.364304006
2065,0.202617228
2066,0.172168076
2067,0.195509017
2068,0.339101315
2069,0.361898839
2070,0.395715892
2071,0.354452729
2072,0.330161691
2073,0.300405085
2074,0.323889852
2075,0.20168829
2076,0.328007877
2077,0.305360377
2078,0.315272391
2079,0.331069052
2080,0.091222167
2081,0.283677161
2082,0.273722112
2083,0.357383192
2084,0.249909282
2085,0.464566171
2086,0.272371888
2087,0.13316834
2088,0.450294852
2089,0.393882334
2090,0.418403089
2091,0.244552374
2092,0.13686949
2093,0.306536734
2094,0.22394526
2095,0.42016083
2096,0.425563812
2097,0.254567027
2098,0.262112081
2099,0.340665936
2100,0.316619694
2101,0.27200824
2102,0.424529076
2103,0.347270608
2104,0.375652969
2105,0.185920358
2106,0.366232693
2107,0.229485631
2108,0.278971553
2109,0.257196307
2110,0.267451525
2111,0.48094219
2112,0.33671087
2113,0.07295841
2114,0.491841733
2115,0.2303918
2116,0.190980017
2117,0.164224803
2118,0.330418766
2119,0.379438221
2120,0.436965346
2121,0.311924458
2122,0.131089747
2123,0.350426197
2124,0.261738837
2125,0.116008282
2126,0.314222038
2127,0.204515398
2128,0.378385305
2129,0.341658354
2130,0.237012863
2131,0.202772439
2132,0.352003217
2133,0.373095036
2134,0.347223759
2135,0.291379094
2136,0.286851585
2137,0.14163655
2138,0.262060106
2139,0.134783447
2140,0.338085294
2141,0.22106576
2142,0.251336098
2143,0.266067207
2144,0.349533081
2145,0.303284168
2146,0.125190973
2147,0.325351238
2148,0.331873059
2149,0.261773765
2150,0.288684905
2151,0.3043859
2152,0.398780942
2153,0.342625737
2154,0.392173409
2155,0.339498937
2156,0.325897038
2157,0.406073987
2158,0.392196119
2159,0.226301074
2160,0.347755909
2161,0.270793974
2162,0.310698986
2163,0.283185482
2164,0.400618255
2165,0.312073529
2166,0.597123057
2167,0.168362141
2168,0.232410967
2169,0.348417878
2170,0.377967179
2171,0.273749948
2172,0.325799763
2173,0.383825481
2174,0.340887368
2175,0.326951683
2176,0.368171394
2177,0.360492587
2178,0.307179511
2179,0.321682692
2180,0.281950235
2181,0.471804082
2182,0.15047276
2183,0.420562029
2184,0.13028878
2185,0.428339064
2186,0.386422932
2187,0.270050883
2188,0.440652311
2189,0.380107999
2190,0.403606772
2191,0.347628236
2192,0.34352082
2193,0.187951088
2194,0.210161746
2195,0.231250644
2196,0.342593789
2197,0.344372511
2198,0.309209287
2199,0.107722521
2200,0.053062797
2201,0.363296807
2202,0.357769549
2203,0.345280886
2204,0.138591826
2205,0.329952538
2206,0.388121605
2207,0.260609806
2208,0.223645389
2209,0.255120456
2210,0.197474062
2211,0.341182292
2212,0.340444803
2213,0.237087965
2214,0.342758417
2215,0.347699881
2216,0.32026422
2217,0.282108128
2218,0.386991024
2219,0.227190673
2220,0.28398484
2221,0.410748005
2222,0.471095026
2223,0.249362051
2224,0.307151377
2225,0.319695652
2226,0.316711009
2227,0.309928894
2228,0.141056061
2229,0.379156888
2230,0.329612374
2231,0.336804211
2232,0.306151032
2233,0.450556517
2234,0.264219224
2235,0.090569615
2236,0.383068144
2237,0.330631554
2238,0.298379242
2239,0.201296329
2240,0.226548433
2241,0.303466439
2242,0.359462559
2243,0.422920525
2244,0.308672547
2245,0.376131713
2246,0.360853851
2247,0.340839922
2248,0.437289238
2249,0.319021821
2250,0.400553346
2251,0.412889481
2252,0.290654659
2253,0.2309255
2254,0.268458068
2255,0.395730078
2256,0.201913178
2257,0.324240446
2258,0.191102624
2259,0.344199479
2260,0.280301392
2261,0.124782324
2262,0.109882295
2263,0.397234976
2264,0.343291104
2265,0.227742732
2266,0.392047644
2267,0.255195796
2268,0.278777301
2269,0.352146626
2270,0.404317081
2271,0.25206697
2272,0.318501711
2273,0.31362015
2274,0.332083106
2275,0.186130285
2276,0.371995032
2277,0.203277826
2278,0.226554453
2279,0.23253125
2280,0.254177928
2281,0.275195062
2282,0.403856993
2283,0.232028902
2284,0.475030839
2285,0.284695387
2286,0.161847055
2287,0.291519284
2288,0.405335724
2289,0.223034501
2290,0.276163697
2291,0.377640963
2292,0.348523915
2293,0.271140397
2294,0.177583277
2295,0.264964879
2296,0.412999928
2297,0.435253322
2298,0.356057227
2299,0.23386544
2300,0.237947643
2301,0.2285375
2302,0.331196547
2303,0.456576586
2304,0
2305,0.413559556
2306,0.419083595
2307,0.351954281
2308,0.420315742
2309,0.294788063
2310,0.310294092
2311,0.373834908
2312,0.336601198
2313,0.37740469
2314,0.185733974
2315,0.342881501
2316,0.231639087
2317,0.36647588
2318,0.141267598
2319,0.353755832
2320,0.204163373
2321,0.406485677
2322,0.366855443
2323,0.334647596
2324,0.242099404
2325,0.27358216
2326,0.389971256
2327,0.41613239
2328,0.265675187
2329,0.426757872
2330,0.481741309
2331,0.301026106
2332,0.222780943
2333,0.292506039
2334,0.276606083
2335,0.243008196
2336,0.331897318
2337,0.43542707
2338,0.317321718
2339,0.32877332
2340,0.229855597
2341,0.223528445
2342,0.267649472
2343,0.28798306
2344,0.400543869
2345,0.378007591
2346,0.310665846
2347,0.288471937
2348,0.297150433
2349,0.281276882
2350,0.236368299
2351,0.293531597
2352,0.386904776
2353,0.348187983
2354,0.234470546
2355,0.18871963
2356,0.311732948
2357,0.315045714
2358,0.31284982
2359,0.161000013
2360,0.405764341
2361,0.323497832
2362,0.310008407
2363,0.148692846
2364,0.399410903
2365,0.393707037
2366,0.305537283
2367,0.121070445
2368,0.207911789
2369,0.180299342
2370,0.327585399
2371,0.415077686
2372,0.258274913
2373,0.378022194
2374,0.382855773
2375,0.12719816
2376,0.338395536
2377,0.19585973
2378,0.206253529
2379,0.235384762
2380,0.210916281
2381,0.307178617
2382,0.492662311
2383,0.400926352
2384,0.284544647
2385,0.426762462
2386,0.216492593
2387,0.234458685
2388,0.301453412
2389,0.29685092
2390,0.454099894
2391,0.40083909
2392,0.403378129
2393,0.166366041
2394,0.112923861
2395,0.335177124
2396,0.372260332
2397,0.159169376
2398,0.231488585
2399,0.260938883
2400,0.34918797
2401,0.291149616
2402,0.326463521
2403,0.361985326
2404,0.443406165
2405,0.298570752
2406,0.24290663
2407,0.175137639
2408,0.210967124
2409,0.343151808
2410,0.442388833
2411,0.231271207
2412,0.214980781
2413,0.311012626
2414,0.270440161
2415,0.452914417
2416,0.385682642
2417,0.320896447
2418,0.179619253
2419,0.296487451
2420,0.42853272
2421,0.376199186
2422,0.278979242
2423,0.378744841
2424,0.14481467
2425,0.305962801
2426,0.466181993
2427,0.345939577
2428,0.26027596
2429,0.278994322
2430,0.293320477
2431,0.428817928
2432,0.231963277
2433,0.209918737
2434,0.441054583
2435,0.40574652
2436,0.366000772
2437,0.579780489
2438,0.157626569
2439,0.332057953
2440,0.306532741
2441,0.41993171
2442,0.427439988
2443,0.308372021
2444,0.28313148
2445,0.342555463
2446,0.247657478
2447,0.189988494
2448,0.296264946
2449,0.236782908
2450,0.415652931
2451,0.349272966
2452,0.349082351
2453,0.189933896
2454,0.315269709
2455,0.348355889
2456,0.371381462
2457,0.379541695
2458,0.457505286
2459,0.308233321
2460,0.240895391
2461,0.466717064
2462,0.384893537
2463,0.326086164
2464,0.319807112
2465,0.339158773
2466,0.311356902
2467,0.352789581
2468,0.163113832
2469,0.425785482
2470,0.284977734
2471,0.262118638
2472,0.373180807
2473,0.324628055
2474,0.28574276
2475,0.36523819
2476,0.431203425
2477,0.31412822
2478,0.340460658
2479,0.316383064
2480,0.295165896
2481,0.283216596
2482,0.3882128
2483,0.170436561
2484,0.448898733
2485,0.247059643
2486,0.311540484
2487,0.407996058
2488,0.301177263
2489,0.286304951
2490,0.403042376
2491,0.419702768
2492,0.155657947
2493,0.175203741
2494,0.338623166
2495,0.268731654
2496,0.331535578
2497,0.363273084
2498,0.381800473
2499,0.257134855
2500,0.401746035
2501,0.467957199
2502,0.273516655
2503,0.206290066
2504,0.387826443
2505,0.285714269
2506,0.426580429
2507,0.242530286
2508,0.386444211
2509,0.364348292
2510,0.220855892
2511,0.191324174
2512,0.316341162
2513,0.438159525
2514,0.309114754
2515,0.44622612
2516,0.205281973
2517,0.360446513
2518,0.152935684
2519,0.308618248
2520,0.282031417
2521,0.230090678
2522,0.342844188
2523,0.433356285
2524,0.347486198
2525,0.347984374
2526,0.274122357
2527,0.323169947
2528,0.464389503
2529,0.139885902
2530,0.190257668
2531,0.453818977
2532,0.310460806
2533,0.423736095
2534,0.235846519
2535,0.333755255
2536,0.129384577
2537,0.26838398
2538,0.428355217
2539,0.226947606
2540,0.421977937
2541,0.28217417
2542,0.312721968
2543,0.41434586
2544,0.218919575
2545,0.279544711
2546,0.295673788
2547,0.1727615
2548,0.502013534
2549,0.418836176
2550,0.328744709
2551,0.158982575
2552,0.356509626
2553,0.518325061
2554,0.307620227
2555,0.389035106
2556,0.303311169
2557,0.415551841
2558,0.287640929
2559,0.21470511
2560,0.136046529
2561,0.298088074
2562,0.136358798
2563,0.32131511
2564,0.321367145
2565,0.360062182
2566,0.388013542
2567,0.376218259
2568,0.250974298
2569,0.382647038
2570,0.317494154
2571,0.327033579
2572,0.39650625
2573,0.393526554
2574,0.287574708
2575,0.192718685
2576,0.307333112
2577,0.447928607
2578,0.250558317
2579,0.356611669
2580,0.368045092
2581,0.200987816
2582,0.363880992
2583,0.507258236
2584,0.415631294
2585,0.332870901
2586,0.388743758
2587,0.330851912
2588,0.380460918
2589,0.44749999
2590,0.290850937
2591,0.298224032
2592,0.366609871
2593,0.207781315
2594,0.275873721
2595,0.402027488
2596,0.288192987
2597,0.349692822
2598,0.382846713
2599,0.442569315
2600,0.317933798
2601,0.497627616
2602,0.294474602
2603,0.406300545
2604,0.421251118
2605,0.304282606
2606,0.315033555
2607,0.449735284
2608,0.266412675
2609,0.1317361
2610,0.309669614
2611,0.438272834
2612,0.231829345
2613,0.29384315
2614,0.337382674
2615,0.212460637
2616,0.346615076
2617,0.22626549
2618,0.31805855
2619,0.460508943
2620,0.32504046
2621,0.185125351
2622,0.219809234
2623,0.350713611
2624,0.365867794
2625,0.332656562
2626,0.254939139
2627,0.354403734
2628,0.355366349
2629,0.305417597
2630,0.536577821
2631,0.332137764
2632,0.355232596
2633,0.221081734
2634,0.432570994
2635,0.396794975
2636,0.377335072
2637,0.285896599
2638,0.211699486
2639,0.476546168
2640,0.385865271
2641,0.154629827
2642,0.19525212
2643,0.290362656
2644,0.204221964
2645,0.247770131
2646,0.339425445
2647,0.393616915
2648,0.344177008
2649,0.317653298
2650,0.37645185
2651,0.227495134
2652,0.473935544
2653,0.258245111
2654,0.395279944
2655,0.388189971
2656,0.325750828
2657,0.350453973
2658,0.338563383
2659,0.15014869
2660,0.313703835
2661,0.376836956
2662,0.354021788
2663,0.375720263
2664,0.204971671
2665,0.253850758
2666,0.353692949
2667,0.274312139
2668,0.390915692
2669,0.277342737
2670,0.291567504
2671,0.482579887
2672,0.39747256
2673,0.473326862
2674,0.401634753
2675,0.179384232
2676,0.27764374
2677,0.209281266
2678,0.438691497
2679,0.542706758
2680,0.326182604
2681,0.379784584
2682,0.37943691
2683,0.331176639
2684,0.317780852
2685,0.378750205
2686,0.220838428
2687,0.315516472
2688,0.274745345
2689,0.329316795
2690,0.38669008
2691,0.329752862
2692,0.314127684
2693,0.252105355
2694,0.351732492
2695,0.387333691
2696,0.44475466
2697,0.14550674
2698,0.393202841
2699,0.387290895
2700,0.273618817
2701,0.342603445
2702,0.397840083
2703,0.442379117
2704,0.362296462
2705,0.455716074
2706,0.177094162
2707,0.261943042
2708,0.367274761
2709,0.407628298
2710,0.221578777
2711,0.249848127
2712,0.322796762
2713,0.367594302
2714,0.279575825
2715,0.190612316
2716,0.280650616
2717,0.465035141
2718,0.321906447
2719,0.213473022
2720,0.183441758
2721,0.350444198
2722,0.208461523
2723,0.47003144
2724,0.178883731
2725,0.228653133
2726,0.185982764
2727,0.397701263
2728,0.500092655
2729,0.214796364
2730,0.368144214
2731,0.276042342
2732,0.284353137
2733,0.443327427
2734,0.279486895
2735,0.366694033
2736,0.178713083
2737,0.347272277
2738,0.354763865
2739,0.249722481
2740,0.156763554
2741,0.246365249
2742,0.279150188
2743,0.252604365
2744,0.375507653
2745,0.26614809
2746,0.352841437
2747,0.298520565
2748,0.455237448
2749,0.115523875
2750,0.334579885
2751,0.181423783
2752,0.332415521
2753,0.287633479
2754,0.406080902
2755,0.323029876
2756,0.234634638
2757,0.300409377
2758,0.361166537
2759,0.325502455
2760,0.402469456
2761,0.275636733
2762,0.322476506
2763,0.277924895
2764,0.382819235
2765,0.329449296
2766,0.257762015
2767,0.335644126
2768,0.291803002
2769,0.155936122
2770,0.238409936
2771,0.369966447
2772,0.327209055
2773,0.390268922
2774,0.229479671
2775,0.276600838
2776,0.235085607
2777,0.203158379
2778,0.24873364
2779,0.421801805
2780,0.338167012
2781,0.34629333
2782,0.338494718
2783,0.302287459
2784,0.235958815
2785,0.207701504
2786,0.372885406
2787,0.305094898
2788,0.247924805
2789,0.440026343
2790,0.331399679
2791,0.179888904
2792,0.311394036
2793,0.13348949
2794,0.318472922
2795,0.341962278
2796,0.162108958
2797,0.180861712
2798,0.376252592
2799,0.457617879
2800,0.347092628
2801,0.350969553
2802,0.372462213
2803,0.277985871
2804,0.351482332
2805,0.325161159
2806,0.28248167
2807,0.467399776
2808,0.34385103
2809,0.161800027
2810,0.375546277
2811,0.35366255
2812,0.46556294
2813,0.192325532
2814,0.314002812
2815,0.370965242
2816,0.331065357
2817,0.141530156
2818,0.407489598
2819,0.227291703
2820,0
2821,0.267399907
2822,0.446593463
2823,0.281133711
2824,0.37689054
2825,0.185029685
2826,0.305988073
2827,0.346470773
2828,0.415995061
2829,0.427568614
2830,0.220010817
2831,0.205636501
2832,0.146861613
2833,0.447127819
2834,0.234822094
2835,0.284820318
2836,0.30530864
2837,0.338713884
2838,0.10097903
2839,0.308561265
2840,0.285987198
2841,0.360341668
2842,0.221833766
2843,0.394160271
2844,0.249217212
2845,0.199051321
2846,0.23561281
2847,0.429200888
2848,0.240701318
2849,0.275009811
2850,0.368808568
2851,0.296089113
2852,0.294932425
2853,0.222389162
2854,0.28277272
2855,0.33376497
2856,0.331535757
2857,0.234969437
2858,0.404356539
2859,0.309044182
2860,0.429017782
2861,0.173157156
2862,0.374042332
2863,0.304210961
2864,0.370561004
2865,0.23166126
2866,0.160535693
2867,0.384097338
2868,0.306003451
2869,0.404216468
2870,0.330202997
2871,0.438110352
2872,0.231497347
2873,0.34855932
2874,0.361268401
2875,0.325459361
2876,0.344571531
2877,0.219905078
2878,0.527026296
2879,0.296711862
2880,0.181200206
2881,0.350772202
2882,0.370410442
2883,0.341200769
2884,0.32610327
2885,0.211274922
2886,0.388807833
2887,0.299495339
2888,0.233459473
2889,0.167139471
2890,0.29338038
2891,0.256151259
2892,0.164079607
2893,0.341005087
2894,0.11478579
2895,0.472619414
2896,0.280231714
2897,0.323794961
2898,0.457109272
2899,0.258155406
2900,0.379788995
2901,0.115553856
2902,0.242807984
2903,0.240774691
2904,0.344751954
2905,0.425121903
2906,0.468783617
2907,0.37367475
2908,0.266827583
2909,0.383375525
2910,0.321542442
2911,0.304373384
2912,0.371683657
2913,0.298768282
2914,0.370513737
2915,0.399812877
2916,0.370942771
2917,0.515085399
2918,0.25275594
2919,0.25347352
2920,0.375988007
2921,0.397680044
2922,0.351537108
2923,0.294998705
2924,0.354229391
2925,0.278222084
2926,0.123029768
2927,0.397567391
2928,0.306322455
2929,0.270664155
2930,0.349751472
2931,0.279844224
2932,0.362651944
2933,0.228710711
2934,0.468656898
2935,0.431686819
2936,0.410624325
2937,0.327510595
2938,0.301947594
2939,0.165235519
2940,0.361737847
2941,0.423699319
2942,0.224453449
2943,0.212624431
2944,0.337564886
2945,0.434128165
2946,0.06972158
2947,0.348505676
2948,0.465929031
2949,0.280576527
2950,0.412582219
2951,0.20184207
2952,0.34029448
2953,0.284033656
2954,0.245773733
2955,0.427312672
2956,0.297008038
2957,0.337205887
2958,0.310155511
2959,0.219468892
2960,0.235637486
2961,0.299479783
2962,0.330525875
2963,0.305189371
2964,0.232656002
2965,0.235022426
2966,0.414533496
2967,0.3414976
2968,0.333349824
2969,0.274372041
2970,0.334189177
2971,0.223320663
2972,0.209225953
2973,0.184073627
2974,0.278058469
2975,0.301784039
2976,0.359273136
2977,0.236660898
2978,0.372898698
2979,0.289766371
2980,0.173466146
2981,0.255330563
2982,0.505316168
2983,0.152181745
2984,0.46466732
2985,0.334995449
2986,0.29494679
2987,0.235652506
2988,0.10766083
2989,0.205695331
2990,0.366537511
2991,0.26644665
2992,0.311076164
2993,0.3713727
2994,0.38308084
2995,0.457976162
2996,0.389141858
2997,0.494656086
2998,0.220324516
2999,0.28095293
